patient_id,ic50
0,-0.2508648744623241
1,-0.42473420727989813
10,0.26051444948408775
19,-0.5105079579357646
21,0.26463788082687867
29,1.1912400860386083
33,-1.3471197607154681
40,-0.7540046329814132
44,0.6566012955908846
