patient_id,ic50
3,-0.6610946574367011
8,-0.6988829125790897
12,0.9251682393787969
13,0.8305490675218465
14,0.15651194260322226
34,0.757270456472985
35,-1.4851133958815192
38,-0.4355503753484215
42,-0.4987936354947377
46,-0.9123662116278947
