patient_id,ic50
5,-0.1394775270578143
6,-0.7795374269846456
7,-0.8832899490810034
20,-1.1753585035520937
22,-0.05152108912701331
26,0.3961212911875128
28,0.32089339435579567
32,0.7853437276249777
41,1.277030180766445
43,-0.34824776278405106
