patient_id,ic50
9,0.5478346284190552
11,-0.38289321240832863
17,-0.2890801591860722
18,-0.6204402390868575
24,-0.44061218203694674
30,-1.282310104410325
36,0.13869469452218045
37,-0.9258171235789575
45,1.5372266967621477
