patient_id,ic50
2,0.23857770973285752
4,-0.13547871391117403
15,-0.4195943002650628
16,-1.581569653591247
23,1.9242129403400037
25,-0.2280014522465137
27,-0.8559784659726327
31,-0.4892687027884103
39,1.3437770896382353
47,1.450328682855018
