patient_id,ic50
3,-0.13881512467934168
8,0.040222575500436786
12,-0.23744565371873413
13,-0.21547866991468276
14,-0.24289665862338794
34,0.08211102101869726
35,-0.5761128753443139
38,-0.05147272771928814
42,0.1464177266780499
46,-0.1369701052860307
