patient_id,ic50
5,0.22777334181591868
6,-0.2766234126873314
7,-0.23660162091255188
20,-0.3047052470035851
22,0.03350958060473204
26,0.03350958060473204
28,0.07833195179700851
32,-0.030590376257896422
41,0.9649631440639496
43,-0.15263930428773165
