patient_id,ic50
0,0.23797788631310687
1,0.03325207654107362
10,-0.034074673029594126
19,0.0014458493385463953
21,0.5871052844068035
29,0.3864184730923735
33,-0.06189399945642799
40,-0.4753097712979652
44,0.44397760886652393
