patient_id,ic50
9,-0.061362614998450644
11,-0.553876118018077
17,0.3687649621413304
18,-0.15848908286828262
24,-0.3642257062288431
30,-0.03876388302216163
36,0.03112492194542518
37,-0.13793840087377107
45,0.6575898917821738
