patient_id,ic50
2,-0.0016940572987432065
4,0.007475448691326639
15,0.0046672924705173655
16,-0.567625520022019
23,0.617737775263579
25,-0.3208060990209165
27,-0.05201375743617182
31,-0.28961519054744556
39,0.3186264815537826
47,0.5646950861682063
